{"SOURCE_ID":{"0":5164707970261890560,"1":1872046609345556480,"2":6412595290592307840,"3":4468557611984384512,"4":2261614264931057664,"5":425040000962559616,"6":4109030160308317312,"7":4109030160308320128,"8":4847957293278177024,"9":6427464123776727168,"10":1237090738916392704,"11":96331172942614528,"12":3288921720025503360,"13":1534011998572555776,"14":3399063235755057792,"15":4900108950849461248,"16":2964000159821218432,"17":1460229442589223424,"18":6401464693867773568,"19":5381537023379295232,"20":5264749303462961280,"21":436648129327098496,"22":3796442680948579328,"23":438829629114680704,"24":1193030490492925824,"25":4763906879239461632,"26":1891598193816300544,"27":5808612830236138368,"28":3683687763520080384,"29":188771135583573504,"30":853819947756949120,"31":348020482735930112,"32":2756363608023588864,"33":777254360337133312,"34":3263836568394170880,"35":5059348952161258624,"36":5129338021224785408,"37":1604859511344724864,"38":3400292798990117888,"39":348515297330773120,"40":1014058103758571520,"41":2995725777563537792,"42":4315804351350378496,"43":5663558453071724288,"44":3489338019475637760,"45":4934923028038871296,"46":1635375460142367104,"47":5945941905576552064,"48":1244571953471006720,"49":4590758227641991424,"50":1384195086792268800,"51":3407611182744289152,"52":5205029672996886016,"53":4117290138348536064,"54":5989102478619519616,"55":3837697972130323456,"56":892160231749198848,"57":5087043657197267200,"58":6062166950467100032,"59":683184784030475520,"60":5593584059914156800,"61":3526420114274019456,"62":6612242034982766848,"63":2135110401277424384,"64":821455861647126656,"65":427322415301550208,"66":2416611663182821120,"67":4303294039306246656,"68":5210240327318434304,"69":1264630412816366720,"70":3331979901042416512,"71":6053245135154609280,"72":4530744134231683840,"73":4792774797545800832,"74":1651268660203160448,"75":4815660547961306112,"76":4781833626056162688,"77":1068982214258617216,"78":553480551264062848,"79":2035035223783462400,"80":5946685759563224960,"81":624684408880100992,"82":1623289903206300928,"83":5509770796785820416,"84":4426032591025363200,"85":4674061076849768832,"86":5965222838410499328,"87":4692263148249862016,"88":1801210568415251072,"89":5357075947709011456,"90":4177224620176470912},"ra":{"0":53.2282934152,"1":316.748479294,"2":330.8724078796,"3":271.3644538185,"4":293.0975980511,"5":12.2852273815,"6":258.8351169646,"7":258.8341201781,"8":50.0003436189,"9":302.1950398892,"10":222.8480514738,"11":25.6225856863,"12":72.4621240212,"13":188.4314283833,"14":88.5948241947,"15":5.0356095474,"16":86.1143912258,"17":197.9642816134,"18":321.6117158125,"19":176.6205205764,"20":92.5623575534,"21":47.2754048596,"22":177.6771209176,"23":41.0522221637,"24":239.1146974353,"25":76.3774682786,"26":331.7542260532,"27":247.1198786604,"28":190.4124270881,"29":79.7883390087,"30":157.6551738214,"31":24.1983212152,"32":354.9893506002,"33":164.8647031187,"34":54.2172317947,"35":48.0207011206,"36":41.277321982,"37":216.2974561534,"38":81.107263546,"39":25.4513427469,"40":134.7989643318,"41":89.1010327651,"42":291.2457765681,"43":145.5581252127,"44":182.103879836,"45":18.8005589482,"46":254.0095535449,"47":266.0361549634,"48":206.8133909945,"49":271.7561108312,"50":238.1715643924,"51":76.8650311541,"52":156.0985242578,"53":265.8570079289,"54":235.2963466962,"55":142.287731855,"56":112.2787898292,"57":56.7112569197,"58":198.5609508086,"59":125.015999164,"60":118.0641913964,"61":188.0156449228,"62":332.5388451908,"63":294.1105137988,"64":147.1487999268,"65":13.2668565953,"66":2.8156932028,"67":297.7579410119,"68":124.6336389311,"69":226.8261795871,"70":94.1112894406,"71":181.7207642059,"72":281.415480536,"73":86.8212345201,"74":265.4848727514,"75":70.1396342455,"76":64.0073282496,"77":137.5982611567,"78":80.6378397862,"79":296.606788416,"80":265.0999815875,"81":154.9329430495,"82":240.4695439843,"83":108.1392236754,"84":237.7045892802,"85":52.3482261983,"86":258.0384406029,"87":18.9471371138,"88":326.0370430016,"89":157.8377665453,"90":270.1215640302},"dec":{"0":-9.4581682163,"1":38.7638624465,"2":-56.7972546612,"3":2.4952240959,"4":69.6534510625,"5":57.8127281256,"6":-26.6078978321,"7":-26.6068066154,"8":-43.0665525278,"9":-66.1870912844,"10":19.1002696401,"11":20.2655191823,"12":6.9613310085,"13":41.3587766941,"14":20.275852148,"15":-64.8696171371,"16":-22.4500233642,"17":27.8821053725,"18":-65.3626399732,"19":-40.4985651456,"20":-74.7539880934,"21":49.6128738584,"22":1.7635185317,"23":49.2280518717,"24":15.6559125902,"25":-57.4721805159,"26":25.3452209665,"27":-70.0839098585,"28":-1.4490230626,"29":40.0960981713,"30":55.9803937703,"31":41.4037617616,"32":5.6243516012,"33":40.4305009756,"34":0.3995245949,"35":-28.9848700613,"36":-18.5724087403,"37":51.8489672603,"38":17.3835033119,"39":42.6126997745,"40":48.0408714711,"41":-14.1670807754,"42":11.9472711234,"43":-23.9144013829,"44":-24.7290534755,"45":-45.5308732612,"46":65.1350228037,"47":-51.8349016619,"48":17.4571736377,"49":30.5623469069,"50":42.4543154567,"51":18.6451319479,"52":-74.0317374527,"53":-21.6833924274,"54":-44.6623899937,"55":-2.7690784103,"56":31.7854354457,"57":-23.252076789,"58":-59.1039179918,"59":27.2160291722,"60":-34.7043785369,"61":-16.1962640294,"62":-32.5483485464,"63":50.222273214,"64":46.0205969308,"65":61.1247250847,"66":-15.469175921,"67":10.4151125977,"68":-76.9192479594,"69":24.8684641531,"70":12.2729920418,"71":-64.6138947117,"72":20.5448173902,"73":-51.0661362578,"74":72.1476608279,"75":-41.8640876102,"76":-51.4858293997,"77":67.1336265758,"78":79.2318711702,"79":33.7256057084,"80":-49.4163651602,"81":19.4699613558,"82":58.5667345836,"83":-46.7588271291,"84":4.4780066039,"85":-62.9358685943,"86":-43.240469435,"87":-68.8754291682,"88":28.7415645993,"89":-53.714551779,"90":-3.6904755879},"distance_gspphot":{"0":3.2179000378,"1":3.4904000759,"2":3.6480998993,"3":5.1192998886,"4":5.7628002167,"5":5.914899826,"6":5.9498000145,"7":5.9538002014,"8":6.0327000618,"9":6.0989999771,"10":6.7505002022,"11":7.6484999657,"12":8.015999794,"13":8.3934001923,"14":8.4903001785,"15":8.5803003311,"16":8.9120998383,"17":9.2018995285,"18":9.2451000214,"19":9.3339004517,"20":10.1963996887,"21":10.5636997223,"22":11.0005998611,"23":11.1384000778,"24":11.1669998169,"25":11.6871995926,"26":11.9371995926,"27":12.0404996872,"28":12.1133003235,"29":12.5406999588,"30":12.9420995712,"31":13.5205001831,"32":13.8409004211,"33":13.8965997696,"34":13.9205999374,"35":14.0038995743,"36":14.2629995346,"37":14.501999855,"38":14.5680999756,"39":14.6884002686,"40":14.7754001617,"41":14.8214998245,"42":14.915599823,"43":14.9462003708,"44":14.9495000839,"45":15.2568998337,"46":15.5205001831,"47":15.6070995331,"48":15.6162004471,"49":15.8325004578,"50":15.977399826,"51":16.1065998077,"52":16.2576007843,"53":17.231300354,"54":17.4435997009,"55":17.7759990692,"56":17.8342990875,"57":17.9002990723,"58":18.1949996948,"59":18.2117004395,"60":18.3141002655,"61":18.3297996521,"62":18.345199585,"63":18.4115009308,"64":18.722700119,"65":18.8668994904,"66":18.8917007446,"67":19.4710998535,"68":19.5076999664,"69":19.5272006989,"70":19.5806999207,"71":19.6965999603,"72":19.8054008484,"73":19.8293991089,"74":20.1826000214,"75":20.4143009186,"76":20.4508991241,"77":20.5508995056,"78":20.8122997284,"79":20.9738006592,"80":21.1053009033,"81":21.321100235,"82":21.3806991577,"83":21.4153003693,"84":21.5860004425,"85":21.8073005676,"86":21.8955993652,"87":22.0095005035,"88":22.0802001953,"89":22.1021003723,"90":22.9158000946},"phot_g_mean_mag":{"0":3.4657518864,"1":4.7667131424,"2":4.32290411,"3":3.9873640537,"4":4.4490408897,"5":3.3200666904,"6":4.8285908699,"7":4.8313350677,"8":4.0639147758,"9":3.3641381264,"10":4.4804825783,"11":4.9996800423,"12":3.0879216194,"13":4.0946722031,"14":4.2416858673,"15":4.07351017,"16":3.4768230915,"17":4.0932788849,"18":4.0891332626,"19":4.7016758919,"20":4.9001402855,"21":3.9026391506,"22":3.4685649872,"23":3.9830012321,"24":3.6944260597,"25":4.5500130653,"26":3.6638712883,